id,first_name,last_name
1,Dory,Poate
2,Nathanil,Winward
3,Biron,Bletsor
4,Adiana,Passey
5,Eben,Phillis
6,Bethany,Donaghie
7,Rubin,Kenewell
8,Deborah,Ainscough
9,Brook,Hofler
10,Delano,Hadden
11,Jeremias,Oddy
12,Roxine,Wonfar
13,Brande,Martyn
14,Ludvig,Georgeson
15,Field,Toffler
16,Merissa,Zupo
17,Clemence,Grass
18,Elfrida,Enrich
19,Garry,Tirkin
20,Olivero,Balshen
21,Arnold,Steutly
22,Stephana,Eltone
23,Amery,Yushankin
24,Nettle,Vanlint
25,Sabina,Aizikowitz
26,Rey,Abels
27,Rozalin,Conn
28,Nealy,Vernon
29,Concettina,Jandl
30,Clarabelle,Helliker
31,Leelah,Reede
32,Cherise,Caspell
33,Juliet,Dispencer
34,Kippie,Stretton
35,Ario,Michurin
36,Dominique,Idenden
37,Letisha,Osgorby
38,Clare,Hunnisett
39,Serene,Killough
40,Trenton,Degli Abbati
41,Latia,Janse
42,Dedra,Maclaine
43,Taite,Waugh
44,Thedric,Rosensaft
45,Nadean,Villa
46,Estrellita,Reasce
47,Ronny,Rumsby
48,Jolene,Kennington
49,Hernando,Pinniger
50,Cass,Cahill
51,Cyrillus,Clowney
52,Corena,Daveley
53,Benson,Trees
54,Maybelle,Twell
55,Gerrard,Pyne
56,Constance,Pawelke
57,Prue,Coudray
58,Grantley,Raund
59,Ingemar,Granham
60,Fairlie,Hastie
61,Kesley,Agronski
62,Rosina,Marran
63,Petr,Pithcock
64,Colin,Blewmen
65,Gwenore,De Meyer
66,Ivonne,Andrzejewski
67,Bald,Fisbey
68,Ameline,Brakewell
69,Donnie,Thewless
70,Sunny,Lezemere
71,Yevette,Strang
72,Melany,Piddletown
73,Dan,Eyckelbeck
74,Faith,Wilbor
75,Rheba,Rooper
76,David,Pierson
77,Margarethe,Deacon
78,Rorie,Manjot
79,Dolli,Dursley
80,Milena,Thys
81,Gertrudis,De Anesy
82,Geralda,Pettie
83,Menard,Medina
84,Isac,Gyngell
85,Broderick,Durnill
86,Quintina,Bruntje
87,Cleon,Matyatin
88,Valdemar,Aspinal
89,Rupert,Hance
90,Elladine,Clouter
91,Jill,Pacher
92,Moina,Gaven
93,Ileane,Tosh
94,Lainey,Atheis
95,Jerrine,McGlade
96,Steven,Winborn
97,Golda,Josephy
98,Coralyn,Davitti
99,Den,Breakey
100,Melodie,Callum
101,Jeanne,Turtle
102,Putnem,Tregust
103,Cece,Geeson
104,Sinclair,Dalglish
105,Saul,Delieu
106,Tina,Clawson
107,Korella,Sedgmond
108,Martino,Dunne
109,Justen,Reede
110,Carlene,Limer
111,Tami,Noweak
112,Egbert,Spacey
113,Clerkclaude,Wark
114,Lemuel,Reddick
115,Kaleena,Buglass
116,Art,Spiers
117,Dinnie,Charle
118,Teodorico,Fairy
119,Tana,Marcinkowski
120,Devinne,Hazard
121,Virginia,Burridge
122,Hyman,Roches
123,Leora,McCole
124,Kenyon,Tattershall
125,Corri,Nesby
126,Donna,Aronson
127,Tedi,Simpkin
128,Markos,Vowden
129,Bernhard,Kryszkiecicz
130,Jannelle,Lygo
131,Gayelord,Franzonetti
132,Mirilla,Witcherley
133,Luther,Moth
134,Erasmus,Scurrell
135,Terrie,Brewitt
136,Dame,Elgy
137,Frieda,Bernardos
138,Arvy,MacCleod
139,Rae,Pochin
140,Dorita,Gniewosz
141,Dedie,Torri
142,Caren,Sheber
143,Esra,Lapree
144,Aigneis,Stoneman
145,Suzanne,Sinisbury
146,Ole,Stollen
147,Itch,Covill
148,Emili,Ungerechts
149,Sasha,Seyers
150,Norry,Macewan
151,Merralee,Larose
152,Hymie,Halfhead
153,Murial,Conningham
154,Betsy,Geaney
155,Elsworth,Curedale
156,Adriana,Brunel
157,Gav,Alven
158,Caryl,Hoggetts
159,Goldie,Porteous
160,Yvor,Richter
161,Colleen,Blaxill
162,Karlie,Labeuil
163,Skyler,Grigolon
164,Eugenia,Rilings
165,Turner,Poxton
166,Kimble,Fieldsend
167,Roselia,Waycot
168,Renault,Bilsborrow
169,Chere,Deniske
170,Kiri,McTerlagh
171,Khalil,Gensavage
172,Vonny,Francesc
173,Toiboid,Alfuso
174,Fitz,Manoch
175,Cate,Pymar
176,Odo,Warwicker
177,Marjory,Henriquet
178,Delcina,Dockree
179,Henderson,Endrizzi
180,Antoni,Watting
181,Arlina,Tanslie
182,Abbi,Iddon
183,Cordelie,Wormleighton
184,Theodoric,Bony
185,Maire,Mitrikhin
186,Corty,Addey
187,Tiphany,Stansbie
188,Mirabelle,Skone
189,Sharyl,Font
190,Sid,Flaws
191,Stanly,Plaxton
192,Reta,Stewartson
193,Nollie,Easton
194,Adina,Urien
195,Thornton,Grcic
196,Karil,Skeech
197,Bernadene,Bims
198,Darleen,Owenson
199,Pen,Mishow
200,Sully,Hutt
201,Britteny,Oultram
202,Phyllis,Frampton
203,Jaclin,Roswarne
204,Nathalia,Langer
205,Jackie,Spendley
206,Rosanne,Marshland
207,Dukey,Beavon
208,Bond,Garthshore
209,Estelle,Casaro
210,Elbertine,Lots
211,Rodrick,A'Barrow
212,Odella,Sweett
213,Shalom,Linkie
214,Carissa,Stenhouse
215,Siana,Chanders
216,Carmita,Sket
217,Durward,Rawnsley
218,Cherilyn,Wheeldon
219,Eada,Gorini
220,Tamiko,Carlaw
221,Vivien,Drayson
222,Elihu,Balma
223,Duff,Gurling
224,Marc,Monelle
225,Tedmund,Kingaby
226,Noel,Lucio
227,Rhodie,Lippiatt
228,Jennine,Abbys
229,Brody,Giacoppo
230,Gabriellia,Pobjoy
231,Joey,Fernier
232,Clerc,Sainz
233,Prudi,Adair
234,Antonin,Slateford
235,Elayne,Greenham
236,Vicky,Alvarado
237,Meyer,Baseley
238,Nicky,Larret
239,Vanny,Bostick
240,Terrijo,Huzzay
241,Karylin,Buckel
242,Bondie,Kleuer
243,Brandise,Petegre
244,Violetta,Francomb
245,Alexandra,Picard
246,Cy,Overpool
247,Deane,Brundill
248,Thom,Lorens
249,Cathrine,Calender
250,Brunhilde,MacCrosson
251,Dunstan,Toupe
252,Cy,Thurgood
253,Renata,Studeart
254,Katuscha,O'Doohaine
255,Luella,Steward
256,Ally,Jurczak
257,Enrique,Litchfield
258,Bridgette,Cadreman
259,Barthel,MacNeely
260,Frederique,Potts
261,Anitra,Lankester
262,Xylina,Widdicombe
263,Gypsy,Hendriksen
264,Rosette,Littrik
265,Hamish,Hudghton
266,Bard,Le Brom
267,Kissee,Sproat
268,Mirabella,Woofinden
269,Honoria,Tichner
270,Denni,Borborough
271,Ashbey,Maund
272,Ugo,Mengo
273,Valencia,Thon
274,Errick,Aggott
275,Roddy,Brader
276,Rosana,Varley
277,Horacio,Cassella
278,Benny,Esland
279,Greg,Eastbrook
280,Marj,Landsborough
281,Yard,Meeson
282,Gunilla,Folonin
283,Sherilyn,Amiss
284,Victoria,Roberti
285,Idalina,Gras
286,Maximilianus,Marfield
287,Frants,Quarrie
288,Guillaume,Wilmore
289,Isacco,Overpool
290,Omero,Coldwell
291,Larina,Hyatt
292,Beret,Dyball
293,Anson,Ervin
294,Sayre,Rays
295,Davidson,Crilly
296,Case,Wandrich
297,Myrah,Quakley
298,Fonzie,Eskrigge
299,Manny,Reimer
300,Brina,Gallienne
301,Brandyn,Dumbrill
302,Catriona,Grigsby
303,Ophelie,Montes
304,Sigfrid,Ligerton
305,Roi,Skone
306,Denver,Franchioni
307,Aurel,Mathivat
308,Benjie,Fausset
309,Yettie,Philo
310,Betteanne,Gullan
311,Tiena,Moss
312,Andi,Frostdyke
313,Kristy,Jantot
314,Frankie,Dukes
315,Knox,Lethlay
316,Filberte,Gilroy
317,Arvin,Robjents
318,Mirabella,Dukelow
319,Amelita,McMurraya
320,Zebulon,Fleischmann
321,Ruperto,Batie
322,Gui,Fieldsend
323,Arlana,Keddy
324,Donni,Layman
325,Kristine,Rudderham
326,Kristina,McNab
327,Kyla,Buesden
328,Curran,Adderley
329,Ariela,Matusov
330,Emery,Iacovini
331,Grant,Fellona
332,Kippie,Fegan
333,Ronnie,Crevagh
334,Bernette,Beatens
335,Michail,Autie
336,Linoel,Derisly
337,Brooks,MacDonald
338,Noble,Ostler
339,Bernardina,Lace
340,Perla,Cranefield
341,Nicol,Choules
342,Michell,Doyle
343,Kingston,Stolting
344,Berte,McBrady
345,Mabel,Henrique
346,Tessa,Christiensen
347,Dorella,Studdard
348,Peggie,Bixley
349,George,Craster
350,Ervin,Edlin
351,Yelena,Raggles
352,Sterne,Sizland
353,Lefty,Smitherman
354,Elle,Watson-Brown
355,Sandye,Giacomuzzi
356,Amara,Vicarey
357,Gabriele,Etteridge
358,Cheslie,Batalini
359,Val,Rapa
360,Talbot,Ciraldo
361,Deeanne,Braney
362,Clark,Priddy
363,Lennie,Gullam
364,Alysa,Liffey
365,Robinet,Hay
366,Hannis,Vondra
367,Rodney,Perkin
368,Pollyanna,Whittingham
369,Rosabel,Giffaut
370,Dalston,Tripp
371,Grethel,Thaller
372,Alexandre,Caves
373,Jemimah,Rasch
374,Phillida,Gullyes
375,Kirbee,Candlish
376,Kevon,Collinge
377,Broderick,Walkey
378,Fernandina,Ipgrave
379,Malinde,Botton
380,Vikky,Mercey
381,Chrissie,Moggan
382,Palmer,Hake
383,Jermain,Tweedlie
384,Kylila,Merrgan
385,Onfroi,Karpfen
386,Olav,Grenfell
387,Audre,Rentoul
388,Corene,Daubeny
389,Eddi,Sciacovelli
390,Nissie,Dunkley
391,Mychal,Bartell
392,Victoria,McElmurray
393,Katie,McPhelimey
394,Catharine,Warburton
395,Yorker,Brettell
396,Cathe,Bruhn
397,Thomas,Groundwater
398,Brew,Ianiello
399,Schuyler,Gellan
400,Violante,Clemson
401,Emmalynn,Nucator
402,Traci,Toffaloni
403,Marcelo,Kristufek
404,Arri,Cotsford
405,Brett,Imbrey
406,Brandais,Boyen
407,Karlyn,Spriddle
408,Fawnia,Seamark
409,Bryon,Lant
410,Eberto,Volk
411,Reinald,Keddle
412,Emelen,Piolli
413,Ennis,Fayter
414,Livia,Fansy
415,Albie,Agate
416,Gallard,Baudichon
417,Eve,Hastilow
418,Trudy,Marcinkowski
419,Wynny,Yakunchikov
420,Gannie,Raison
421,Arte,Creaser
422,Reynard,Govey
423,Ivar,Zealy
424,Konstanze,Skydall
425,Kalila,Boij
426,Cornelia,Plunkett
427,Olivero,Orniz
428,Katie,Glennie
429,Linn,Heaslip
430,Hurleigh,Pullar
431,Marys,Martyntsev
432,Feliza,Featherston
433,Cloe,Chew
434,Valentia,Sterzaker
435,Dorice,Marians
436,Jonie,MacIntyre
437,Valaree,Wrinch
438,Marissa,Heinecke
439,Cesya,Domney
440,Mattie,McManus
441,Rayshell,Dressell
442,Regan,McKenna
443,Morgan,Wycherley
444,Carlie,Lorek
445,Rossie,Lepper
446,Maynard,Rodway
447,Ky,Pierson
448,Ronda,Broyd
449,Joice,Fassbindler
450,Avictor,Sollime
451,Clyve,Heisman
452,Eldridge,O'Hartagan
453,Jessa,Dulake
454,Ruthie,Gerner
455,Chandler,Leat
456,Leonelle,Traice
457,Adara,Remer
458,Tracy,Tilmouth
459,Umberto,Lakenden
460,Lydon,Dugall
461,Yovonnda,Raymond
462,Brenn,Goodlatt
463,Jesse,Husby
464,Annabela,Offen
465,Suzette,Gossan
466,Heddi,Kowal
467,Jens,Harbison
468,Cassondra,Harris
469,Spenser,Bearham
470,Valentina,Bene
471,Luella,Rickardes
472,Tremain,Lomis
473,Giavani,Huncote
474,Bartolomeo,Olechnowicz
475,Taylor,Murtell
476,Krissy,Cahalin
477,Marylee,Le Leu
478,Yancey,Little
479,Mic,Sellwood
480,Phillie,Beartup
481,Orran,Golden of Ireland
482,Gunilla,Hamlett
483,Shir,Kewzick
484,Jeremy,Warboy
485,Sally,Maskall
486,Danny,Delacoste
487,Allie,Latore
488,Nanni,Garnham
489,Christie,Weldrick
490,Vitia,Treske
491,Chantalle,Calleja
492,Nonna,Longea
493,Dorelia,Riggulsford
494,Berget,Breston
495,Basil,Gratrex
496,Uriah,Harcombe
497,Eward,Tevlin
498,Caresse,Izod
499,Goober,Stollen
500,Mellisent,Malinowski
